{
  "name": "Alarms",
  "description": "",
  "blocks": [
    {
      "id": "41e4c935-e8f8-42d8-bf4f-99dfe8a80b08",
      "label": "Alarms - LogicMonitor",
      "environment": "HOSTED",
      "presentation": "{\"w\":100,\"x\":306,\"h\":50,\"y\":237}",
      "step": "99eb36b9-1298-4a8c-b6ee-a64176c0ca22",
      "stepType": "INTEGRATION"
    },
    {
      "id": "f038157e-f7f5-45a5-88f8-5f5e1467b9cf",
      "label": "Create Alert",
      "environment": "HOSTED",
      "presentation": "{\"w\":100,\"x\":838,\"h\":50,\"y\":687}",
      "stepType": "CREATE_ALERT",
      "inputMappings": [
        {
          "inputPort": "input",
          "mapping": "{\"RESPONSE\":{\"triggerType\":\"RESPONSE\",\"triggerBlockId\":\"58fd0f68-c021-47af-a443-12d443d0803b\",\"hidden\":false,\"position\":0},\"ANNOTATION\":{\"triggerType\":\"ANNOTATION\",\"triggerBlockId\":\"b91a9f1c-dcf0-47b7-b68e-447fc91a111a\",\"hidden\":false,\"position\":1},\"DELIVERYSTATUS\":{\"triggerType\":\"DELIVERYSTATUS\",\"triggerBlockId\":\"daad31fd-4551-46c9-994a-c6a13e2fad3e\",\"hidden\":false,\"position\":2}}",
          "builtInInputId": "d5f190c2-4549-5f07-b14d-d51d641cf1e6"
        },
        {
          "inputPort": "input",
          "mapping": "false",
          "builtInInputId": "7ec1fde7-1816-5b50-968f-c3eafa529f62"
        },
        {
          "inputPort": "input",
          "mapping": "180",
          "builtInInputId": "8ff01cd9-6a5f-5ec3-9c46-a40b892b890e"
        },
        {
          "inputPort": "input",
          "mapping": "[{\"language\":\"en\",\"subject\":\"LogicMontior: ${41e4c935-e8f8-42d8-bf4f-99dfe8a80b08.Alert Type}\",\"body\":\"\\n    <head><style id=\\\"xm-froala-base-styles\\\">\\n      /* Base Froala Styles Begin */\\n      /*!\\n * froala_editor v4.0.12 (https://www.froala.com/wysiwyg-editor)\\n * License https://froala.com/wysiwyg-editor/terms/\\n * Copyright 2014-2022 Froala Labs\\n */\\n\\n.fr-clearfix::after{clear:both;display:block;content:\\\"\\\";height:0}.fr-hide-by-clipping{position:absolute;width:1px;height:1px;padding:0;margin:-1px;overflow:hidden;clip:rect(0, 0, 0, 0);border:0}img.fr-rounded,.fr-img-caption.fr-rounded img{border-radius:10px;-moz-border-radius:10px;-webkit-border-radius:10px;-moz-background-clip:padding;-webkit-background-clip:padding-box;background-clip:padding-box}img.fr-shadow,.fr-img-caption.fr-shadow img{-webkit-box-shadow:10px 10px 5px 0px #cccccc;-moz-box-shadow:10px 10px 5px 0px #cccccc;box-shadow:10px 10px 5px 0px #cccccc}img.fr-bordered,.fr-img-caption.fr-bordered img{border:solid 5px #CCC}img.fr-bordered{-webkit-box-sizing:content-box;-moz-box-sizing:content-box;box-sizing:content-box}.fr-img-caption.fr-bordered img{-webkit-box-sizing:border-box;-moz-box-sizing:border-box;box-sizing:border-box}.fr-view{word-wrap:break-word}span[style~=\\\"color:\\\"] a{color:inherit}strong{font-weight:700}table[border='0'] td:not([class]),table[border='0'] th:not([class]),table[border='0'] td[class=\\\"\\\"],table[border='0'] th[class=\\\"\\\"]{border-width:0px}table{border:none;border-collapse:collapse;empty-cells:show;max-width:100%}table td{min-width:5px}table.fr-dashed-borders td,table.fr-dashed-borders th{border-style:dashed}table.fr-alternate-rows tbody tr:nth-child(2n){background:whitesmoke}table td,table th{border:1px solid #DDD}table td:empty,table th:empty{height:20px}table td.fr-highlighted,table th.fr-highlighted{border:1px double red}table td.fr-thick,table th.fr-thick{border-width:2px}table th{background:#ececec}table tfoot td{background:#ececec}hr{clear:both;user-select:none;-o-user-select:none;-moz-user-select:none;-khtml-user-select:none;-webkit-user-select:none;-ms-user-select:none;break-after:always;page-break-after:always}.fr-file{position:relative}.fr-file::after{position:relative;content:\\\"\\\\1F4CE\\\";font-weight:normal}pre{white-space:pre-wrap;word-wrap:break-word;overflow:visible}.fr-view[dir=\\\"rtl\\\"] blockquote{border-left:none;border-right:solid 2px #5E35B1;margin-right:0;padding-right:5px;padding-left:0}.fr-view[dir=\\\"rtl\\\"] blockquote blockquote{border-color:#00BCD4}.fr-view[dir=\\\"rtl\\\"] blockquote blockquote blockquote{border-color:#43A047}blockquote{border-left:solid 2px #5E35B1;margin-left:0;padding-left:5px;color:#5E35B1}blockquote blockquote{border-color:#00BCD4;color:#00BCD4}blockquote blockquote blockquote{border-color:#43A047;color:#43A047}span.fr-emoticon{font-weight:normal;font-family:\\\"Apple Color Emoji\\\",\\\"Segoe UI Emoji\\\",\\\"NotoColorEmoji\\\",\\\"Segoe UI Symbol\\\",\\\"Android Emoji\\\",\\\"EmojiSymbols\\\";display:inline;line-height:0}span.fr-emoticon.fr-emoticon-img{background-repeat:no-repeat !important;font-size:inherit;height:1em;width:1em;min-height:20px;min-width:20px;display:inline-block;margin:-.1em .1em .1em;line-height:1;vertical-align:middle}.fr-text-gray{color:#AAA !important}.fr-text-bordered{border-top:solid 1px #222;border-bottom:solid 1px #222;padding:10px 0}.fr-text-spaced{letter-spacing:1px}.fr-text-uppercase{text-transform:uppercase}.fr-class-highlighted{background-color:#ffff00}.fr-class-code{border-color:#cccccc;border-radius:2px;-moz-border-radius:2px;-webkit-border-radius:2px;-moz-background-clip:padding;-webkit-background-clip:padding-box;background-clip:padding-box;background:#f5f5f5;padding:10px;font-family:\\\"Courier New\\\", Courier, monospace}.fr-class-transparency{opacity:0.5}img{position:relative;max-width:100%}img.fr-dib{margin:5px auto;display:block;float:none;vertical-align:top}img.fr-dib.fr-fil{margin-left:0;text-align:left}img.fr-dib.fr-fir{margin-right:0;text-align:right}img.fr-dii{display:inline-block;float:none;vertical-align:bottom;margin-left:5px;margin-right:5px;max-width:calc(100% - (2 * 5px))}img.fr-dii.fr-fil{float:left;margin:5px 5px 5px 0;max-width:calc(100% - 5px)}img.fr-dii.fr-fir{float:right;margin:5px 0 5px 5px;max-width:calc(100% - 5px)}span.fr-img-caption{position:relative;max-width:100%}span.fr-img-caption.fr-dib{margin:5px auto;display:block;float:none;vertical-align:top}span.fr-img-caption.fr-dib.fr-fil{margin-left:0;text-align:left}span.fr-img-caption.fr-dib.fr-fir{margin-right:0;text-align:right}span.fr-img-caption.fr-dii{display:inline-block;float:none;vertical-align:bottom;margin-left:5px;margin-right:5px;max-width:calc(100% - (2 * 5px))}span.fr-img-caption.fr-dii.fr-fil{float:left;margin:5px 5px 5px 0;max-width:calc(100% - 5px)}span.fr-img-caption.fr-dii.fr-fir{float:right;margin:5px 0 5px 5px;max-width:calc(100% - 5px)}.fr-video{text-align:center;position:relative}.fr-video.fr-rv{padding-bottom:56.25%;padding-top:30px;height:0;overflow:hidden}.fr-video.fr-rv>iframe,.fr-video.fr-rv object,.fr-video.fr-rv embed{position:absolute !important;top:0;left:0;width:100%;height:100%}.fr-video>*{-webkit-box-sizing:content-box;-moz-box-sizing:content-box;box-sizing:content-box;max-width:100%;border:none}.fr-video.fr-dvb{display:block;clear:both}.fr-video.fr-dvb.fr-fvl{text-align:left}.fr-video.fr-dvb.fr-fvr{text-align:right}.fr-video.fr-dvi{display:inline-block}.fr-video.fr-dvi.fr-fvl{float:left}.fr-video.fr-dvi.fr-fvr{float:right}a.fr-strong{font-weight:700}a.fr-green{color:green}.fr-img-caption{text-align:center}.fr-img-caption .fr-img-wrap{padding:0;margin:auto;text-align:center;width:100%}.fr-img-caption .fr-img-wrap a{display:block}.fr-img-caption .fr-img-wrap img{display:block;margin:auto;width:100%}.fr-img-caption .fr-img-wrap>span{margin:auto;display:block;padding:5px 5px 10px;font-size:14px;font-weight:initial;-webkit-box-sizing:border-box;-moz-box-sizing:border-box;box-sizing:border-box;-webkit-opacity:0.9;-moz-opacity:0.9;opacity:0.9;-ms-filter:\\\"progid:DXImageTransform.Microsoft.Alpha(Opacity=0)\\\";width:100%;text-align:center}button.fr-rounded,input.fr-rounded,textarea.fr-rounded{border-radius:10px;-moz-border-radius:10px;-webkit-border-radius:10px;-moz-background-clip:padding;-webkit-background-clip:padding-box;background-clip:padding-box}button.fr-large,input.fr-large,textarea.fr-large{font-size:24px}a.fr-view.fr-strong{font-weight:700}a.fr-view.fr-green{color:green}img.fr-view{position:relative;max-width:100%}img.fr-view.fr-dib{margin:5px auto;display:block;float:none;vertical-align:top}img.fr-view.fr-dib.fr-fil{margin-left:0;text-align:left}img.fr-view.fr-dib.fr-fir{margin-right:0;text-align:right}img.fr-view.fr-dii{display:inline-block;float:none;vertical-align:bottom;margin-left:5px;margin-right:5px;max-width:calc(100% - (2 * 5px))}img.fr-view.fr-dii.fr-fil{float:left;margin:5px 5px 5px 0;max-width:calc(100% - 5px)}img.fr-view.fr-dii.fr-fir{float:right;margin:5px 0 5px 5px;max-width:calc(100% - 5px)}span.fr-img-caption.fr-view{position:relative;max-width:100%}span.fr-img-caption.fr-view.fr-dib{margin:5px auto;display:block;float:none;vertical-align:top}span.fr-img-caption.fr-view.fr-dib.fr-fil{margin-left:0;text-align:left}span.fr-img-caption.fr-view.fr-dib.fr-fir{margin-right:0;text-align:right}span.fr-img-caption.fr-view.fr-dii{display:inline-block;float:none;vertical-align:bottom;margin-left:5px;margin-right:5px;max-width:calc(100% - (2 * 5px))}span.fr-img-caption.fr-view.fr-dii.fr-fil{float:left;margin:5px 5px 5px 0;max-width:calc(100% - 5px)}span.fr-img-caption.fr-view.fr-dii.fr-fir{float:right;margin:5px 0 5px 5px;max-width:calc(100% - 5px)}\\n\\n\\n    /* Default/Legacy table border styling */\\n    table {\\n        border: 1px solid #ccc;\\n        border-bottom: none;\\n    }\\n    table th,\\n    table td {\\n        border: solid #ccc;\\n        border-width: 0 0 1px 0;\\n    }\\n\\n    /* Newly inserted table border styling */\\n    table.xm-table-internal-borders {\\n      border: none;\\n    }\\n    table.xm-table-internal-borders th,\\n    table.xm-table-internal-borders td {\\n      border-width: 1px;\\n    }\\n    \\n    /* fix for SUP-22708, In Outlook on Windows: \\\"border-collapse: collapse;\\\" will cease to work and behave like \\\"separate\\\"\\n      when the rule is specified an even number of times, yes oh yes, you read that right. Since this rule is already specified\\n      in the froala styles we get an issue when the user also adds a style tag containing that rule. */\\n    table {\\n      border-collapse: collapse;\\n    }\\n\\n      /* Base Froala Styles End */\\n    </style></head><!-- XM Froala Top Level Wrapper Begin {{{ -->\\n    <div id=\\\"xm-froala-top-level-wrapper\\\" class=\\\"fr-view\\\">\\n    <!-- XM Froala Top Level Wrapper Begin }}} --><div style=\\\"text-align: left;\\\"><img src=\\\"https://s3-xmatters-static.s3.amazonaws.com/image_library/customers/b37a4596-1e89-4b51-98cd-83844cf25f31/IMAGE__20220712151741548__logicmonitor_logo.png\\\" style=\\\"width: 200px;\\\" class=\\\"fr-fic fr-dib\\\"><br></div>${person.firstName} ${person.lastName} you are being notified of a new LogicMonitor alert.<br><br><table class=\\\"xm-table-internal-borders\\\" style=\\\"width: 100%;\\\"><tbody><tr><td style=\\\"width: 41.401%;\\\"><div style=\\\"text-align: left;\\\"><strong>xMatters Alert Context:</strong></div></td><td style=\\\"width: 58.5249%; text-align: left;\\\">${person.alertContext}</td></tr><tr><td style=\\\"width: 41.401%;\\\"><div style=\\\"text-align: left;\\\"><strong>Internal ID:</strong></div></td><td style=\\\"width: 58.5249%; text-align: left;\\\">${41e4c935-e8f8-42d8-bf4f-99dfe8a80b08.Internal ID}</td></tr><tr><td style=\\\"width: 41.401%;\\\"><div style=\\\"text-align: left;\\\"><strong>Alert Type:</strong></div></td><td style=\\\"width: 58.5249%; text-align: left;\\\">${41e4c935-e8f8-42d8-bf4f-99dfe8a80b08.Alert Type}</td></tr><tr><td style=\\\"width: 41.401%;\\\"><div style=\\\"text-align: left;\\\"><strong>External Ticket ID:</strong></div></td><td style=\\\"width: 58.5249%; text-align: left;\\\">${41e4c935-e8f8-42d8-bf4f-99dfe8a80b08.External Ticket ID}</td></tr><tr><td style=\\\"width: 41.401%;\\\"><div style=\\\"text-align: left;\\\"><strong>Message:&nbsp;</strong></div></td><td style=\\\"width: 58.5249%; text-align: left;\\\">${41e4c935-e8f8-42d8-bf4f-99dfe8a80b08.Message}</td></tr><tr><td style=\\\"width: 41.401%;\\\"><div style=\\\"text-align: left;\\\"><strong>Admin:</strong></div></td><td style=\\\"width: 58.5249%; text-align: left;\\\">${41e4c935-e8f8-42d8-bf4f-99dfe8a80b08.Admin}</td></tr><tr><td style=\\\"width: 41.401%; text-align: left;\\\"><strong>Alert Status:</strong></td><td style=\\\"width: 58.5249%; text-align: left;\\\">${41e4c935-e8f8-42d8-bf4f-99dfe8a80b08.Alert Status}</td></tr></tbody></table><div style=\\\"text-align: center;\\\"><img src=\\\"https://s3-xmatters-static.s3.amazonaws.com/image_library/customers/b37a4596-1e89-4b51-98cd-83844cf25f31/IMAGE__20210504133657771__xmatters_brand_color.png\\\" style=\\\"width: 200px;\\\" class=\\\"fr-fic fr-dib\\\"></div><br><div style=\\\"display:none;\\\">${41e4c935-e8f8-42d8-bf4f-99dfe8a80b08.Signal ID}</div>&nbsp;<!-- XM Froala Top Level Wrapper End {{{ -->\\n    </div>\\n    <!-- XM Froala Top Level Wrapper End }}} -->\"}]",
          "builtInInputId": "c2a258c9-70f0-5ab9-87a0-f16aac6a4f7e"
        },
        {
          "inputPort": "input",
          "mapping": "[{\"language\":\"en\",\"steps\":[{\"uiBlock\":\"7c658801-4857-47ab-9f24-cc5cc48c9fc5\",\"phrase\":\"New logic monitor alert\",\"playback\":\"TTS\"},{\"uiBlock\":\"8212d69c-69b1-4378-8210-e432d3cabd2b\",\"phrase\":\"${41e4c935-e8f8-42d8-bf4f-99dfe8a80b08.Message}\",\"playback\":\"TTS\"}]}]",
          "builtInInputId": "1e0aae21-0ac6-5683-a162-36fa1f8a895c"
        },
        {
          "inputPort": "input",
          "mapping": "callbackonly",
          "builtInInputId": "94bf035f-007b-5da6-996b-d122ff92e7b3"
        },
        {
          "inputPort": "input",
          "mapping": "false",
          "builtInInputId": "0eeeaf31-fd99-5ada-aaf5-9b4ca198cce6"
        },
        {
          "inputPort": "input",
          "mapping": "false",
          "builtInInputId": "c4501a77-1058-51d5-9044-7c4f8a39938a"
        },
        {
          "inputPort": "input",
          "mapping": "[{\"id\":\"${41e4c935-e8f8-42d8-bf4f-99dfe8a80b08.Recipients}\"}]",
          "builtInInputId": "c2fa8405-6461-5736-9370-96e1dc04be7c"
        },
        {
          "inputPort": "input",
          "mapping": "0",
          "builtInInputId": "8298a407-9069-5331-8dee-219cdb1b4868"
        },
        {
          "inputPort": "input",
          "mapping": "PICKER",
          "builtInInputId": "9b9bc3ee-7633-57e7-b13e-443db15f6e34"
        },
        {
          "inputPort": "input",
          "mapping": "Medium",
          "builtInInputId": "3f50d6a7-0fc9-59a1-bd97-8eb19db317bd"
        },
        {
          "inputPort": "input",
          "mapping": "[{\"language\":\"en\",\"text\":\"LogicMonitor: ${41e4c935-e8f8-42d8-bf4f-99dfe8a80b08.Message}\"}]",
          "builtInInputId": "8fccda00-5665-53aa-90a0-267d4b796a99"
        },
        {
          "inputPort": "input",
          "mapping": "60",
          "builtInInputId": "ceffae29-cef3-5488-b9d1-f845c558f8a4"
        },
        {
          "inputPort": "input",
          "mapping": "[{\"action\":\"ASSIGN_TO_USER\",\"allowComments\":true,\"contribution\":\"POSITIVE\",\"description\":\"Acknowledge LogicMonitor alert\",\"joinConference\":false,\"number\":1,\"prompt\":\"Acknowledge\",\"redirectUrl\":\"\",\"text\":\"Acknowledge\",\"id\":\"b0ae684c-1b71-421f-9bee-a4938d943277\",\"triggerBlockId\":\"a276c109-f674-4f94-a74e-b72ae5e0ba70\",\"integrationId\":\"e5c9fd5a-c1ab-4f6c-8ca2-d0e73f7d9e6d\"},{\"action\":\"ESCALATE\",\"allowComments\":true,\"contribution\":\"NEGATIVE\",\"description\":\"Immediately escalate to the next on-call person\",\"joinConference\":false,\"number\":2,\"prompt\":\"Escalate\",\"redirectUrl\":\"\",\"text\":\"Escalate\",\"id\":\"36cb1970-c066-4aae-bcf2-8002db4b404a\",\"triggerBlockId\":\"8a98b6ea-0621-45a6-98a4-86e9e6f813d4\",\"integrationId\":\"06d41692-2a78-4210-8fc3-21ada2a9adec\"}]",
          "builtInInputId": "ac190a1d-00b8-5aea-8543-12459dd918a7"
        },
        {
          "inputPort": "input",
          "mapping": "false",
          "builtInInputId": "60992193-3b95-5b4e-adfd-244d5e834d67"
        }
      ]
    },
    {
      "id": "a276c109-f674-4f94-a74e-b72ae5e0ba70",
      "label": "Create Alert - Acknowledge",
      "environment": "HOSTED",
      "presentation": "{\"w\":100,\"h\":50}",
      "step": "e5c9fd5a-c1ab-4f6c-8ca2-d0e73f7d9e6d",
      "stepType": "INTEGRATION",
      "groupingBlockId": "f038157e-f7f5-45a5-88f8-5f5e1467b9cf"
    },
    {
      "id": "b91a9f1c-dcf0-47b7-b68e-447fc91a111a",
      "label": "Create Alert - Alert Comments",
      "environment": "HOSTED",
      "presentation": "{\"w\":100,\"h\":50}",
      "step": "65230c80-86cc-4b6d-9c70-ba5d52eed23f",
      "stepType": "INTEGRATION",
      "groupingBlockId": "f038157e-f7f5-45a5-88f8-5f5e1467b9cf"
    },
    {
      "id": "daad31fd-4551-46c9-994a-c6a13e2fad3e",
      "label": "Create Alert - Device Delivery Updates",
      "environment": "HOSTED",
      "presentation": "{\"w\":100,\"h\":50}",
      "step": "4019ef11-fa16-4ff1-b125-45c64411742f",
      "stepType": "INTEGRATION",
      "groupingBlockId": "f038157e-f7f5-45a5-88f8-5f5e1467b9cf"
    },
    {
      "id": "8a98b6ea-0621-45a6-98a4-86e9e6f813d4",
      "label": "Create Alert - Escalate",
      "environment": "HOSTED",
      "presentation": "{\"w\":100,\"h\":50}",
      "step": "06d41692-2a78-4210-8fc3-21ada2a9adec",
      "stepType": "INTEGRATION",
      "groupingBlockId": "f038157e-f7f5-45a5-88f8-5f5e1467b9cf"
    },
    {
      "id": "58fd0f68-c021-47af-a443-12d443d0803b",
      "label": "Create Alert - Response",
      "environment": "HOSTED",
      "presentation": "{\"w\":100,\"h\":50}",
      "stepType": "RESPONSES",
      "groupingBlockId": "f038157e-f7f5-45a5-88f8-5f5e1467b9cf"
    },
    {
      "id": "6dc61191-5ac6-4e53-895e-574b1b8c3176",
      "label": "Get Alerts",
      "environment": "HOSTED",
      "presentation": "{\"w\":100,\"x\":844,\"h\":50,\"y\":537}",
      "step": "d591fef2-1aa6-5b9e-80b7-ee2b392bc468",
      "stepType": "SCRIPT_STEP",
      "inputMappings": [
        {
          "inputPort": "input",
          "mapping": "ACTIVE,SUSPENDED",
          "stepInput": "d5358afa-61f6-5fb6-a4f9-8155f56558d6"
        },
        {
          "inputPort": "input",
          "mapping": "Alarms - LogicMonitor > Internal ID#en",
          "stepInput": "c57fc4c4-f63a-5105-bdba-cdb532be2abe"
        },
        {
          "inputPort": "input",
          "mapping": "${41e4c935-e8f8-42d8-bf4f-99dfe8a80b08.Internal ID}",
          "stepInput": "8f40d595-cd5c-5022-b5d7-18778ad25cc6"
        },
        {
          "inputPort": "input",
          "mapping": "TRUE",
          "stepInput": "a5ffc0a7-97f0-5e1d-99ea-ab929c0ae73d"
        }
      ]
    },
    {
      "id": "b8eb1b47-0497-44b6-86ba-57c8aa6a7801",
      "endpoint": "LogicMonitor",
      "label": "LogicMonitor - Acknowledge",
      "environment": "HOSTED",
      "presentation": "{\"w\":100,\"x\":1025,\"h\":50,\"y\":1055}",
      "step": "57e37c8a-4a37-4bd8-b726-b143808a151d",
      "stepType": "SCRIPT_STEP",
      "inputMappings": [
        {
          "inputPort": "input",
          "mapping": "${constants.LogicMonitor - Access Key}",
          "stepInput": "49861d34-9dc4-4106-b204-1a6cde6e96ca"
        },
        {
          "inputPort": "input",
          "mapping": "${constants.LogicMonitor - Access ID}",
          "stepInput": "4c741212-b931-45cc-b1ff-fd38d6eaf262"
        },
        {
          "inputPort": "input",
          "mapping": "${41e4c935-e8f8-42d8-bf4f-99dfe8a80b08.Internal ID}",
          "stepInput": "50b86b31-dbc9-46b1-882f-7a024d031fed"
        },
        {
          "inputPort": "input",
          "mapping": "[xMatters] ${f038157e-f7f5-45a5-88f8-5f5e1467b9cf.respondedTo.by.firstName} ${f038157e-f7f5-45a5-88f8-5f5e1467b9cf.respondedTo.by.lastName} responded with ${f038157e-f7f5-45a5-88f8-5f5e1467b9cf.response.response}",
          "stepInput": "b82b22e9-9565-4bbd-97cb-d2f4b1a16517"
        }
      ]
    },
    {
      "id": "91c957b5-17ee-42d6-bdd4-d0cd22be57bd",
      "endpoint": "LogicMonitor",
      "label": "LogicMonitor - Add Note",
      "environment": "HOSTED",
      "presentation": "{\"w\":100,\"x\":1025,\"h\":50,\"y\":1593}",
      "step": "ce8219dc-3a78-42cf-bd55-3a5772d0692f",
      "stepType": "SCRIPT_STEP",
      "inputMappings": [
        {
          "inputPort": "input",
          "mapping": "${constants.LogicMonitor - Access Key}",
          "stepInput": "d91f74ac-6492-4a6c-b3fb-bcdc001f1ff3"
        },
        {
          "inputPort": "input",
          "mapping": "${constants.LogicMonitor - Access ID}",
          "stepInput": "8b0ab4fa-9160-429b-850e-c54a9d462865"
        },
        {
          "inputPort": "input",
          "mapping": "${41e4c935-e8f8-42d8-bf4f-99dfe8a80b08.Internal ID}",
          "stepInput": "8ae23047-b323-43a1-99e3-80cadae94210"
        },
        {
          "inputPort": "input",
          "mapping": "Notification to ${f038157e-f7f5-45a5-88f8-5f5e1467b9cf.notification.recipient.owner.firstName} ${f038157e-f7f5-45a5-88f8-5f5e1467b9cf.notification.recipient.owner.lastName} on ${f038157e-f7f5-45a5-88f8-5f5e1467b9cf.notification.recipient.name} ${f038157e-f7f5-45a5-88f8-5f5e1467b9cf.notification.deliveryStatus}",
          "stepInput": "9a79e19e-b64a-4ddf-a034-25108f13f9d7"
        }
      ]
    },
    {
      "id": "a0665b29-0761-4797-8780-0429befb980a",
      "endpoint": "LogicMonitor",
      "label": "LogicMonitor - Add Note",
      "environment": "HOSTED",
      "presentation": "{\"w\":100,\"x\":1019,\"h\":50,\"y\":1221}",
      "step": "ce8219dc-3a78-42cf-bd55-3a5772d0692f",
      "stepType": "SCRIPT_STEP",
      "inputMappings": [
        {
          "inputPort": "input",
          "mapping": "${constants.LogicMonitor - Access Key}",
          "stepInput": "d91f74ac-6492-4a6c-b3fb-bcdc001f1ff3"
        },
        {
          "inputPort": "input",
          "mapping": "${constants.LogicMonitor - Access ID}",
          "stepInput": "8b0ab4fa-9160-429b-850e-c54a9d462865"
        },
        {
          "inputPort": "input",
          "mapping": "${41e4c935-e8f8-42d8-bf4f-99dfe8a80b08.Internal ID}",
          "stepInput": "8ae23047-b323-43a1-99e3-80cadae94210"
        },
        {
          "inputPort": "input",
          "mapping": "[xMatters] ${f038157e-f7f5-45a5-88f8-5f5e1467b9cf.respondedTo.by.firstName} ${f038157e-f7f5-45a5-88f8-5f5e1467b9cf.respondedTo.by.lastName} responded with ${f038157e-f7f5-45a5-88f8-5f5e1467b9cf.response.response}",
          "stepInput": "9a79e19e-b64a-4ddf-a034-25108f13f9d7"
        }
      ]
    },
    {
      "id": "48b16566-9114-43fb-b1f2-92e13dfec21b",
      "endpoint": "LogicMonitor",
      "label": "LogicMonitor - Add Note",
      "environment": "HOSTED",
      "presentation": "{\"w\":100,\"x\":1033,\"h\":50,\"y\":1424}",
      "step": "ce8219dc-3a78-42cf-bd55-3a5772d0692f",
      "stepType": "SCRIPT_STEP",
      "inputMappings": [
        {
          "inputPort": "input",
          "mapping": "${constants.LogicMonitor - Access Key}",
          "stepInput": "d91f74ac-6492-4a6c-b3fb-bcdc001f1ff3"
        },
        {
          "inputPort": "input",
          "mapping": "${constants.LogicMonitor - Access ID}",
          "stepInput": "8b0ab4fa-9160-429b-850e-c54a9d462865"
        },
        {
          "inputPort": "input",
          "mapping": "${41e4c935-e8f8-42d8-bf4f-99dfe8a80b08.Internal ID}",
          "stepInput": "8ae23047-b323-43a1-99e3-80cadae94210"
        },
        {
          "inputPort": "input",
          "mapping": "[xMatters] ${f038157e-f7f5-45a5-88f8-5f5e1467b9cf.annotation.author.firstName} ${f038157e-f7f5-45a5-88f8-5f5e1467b9cf.annotation.author.lastName} - ${f038157e-f7f5-45a5-88f8-5f5e1467b9cf.annotation.comment}",
          "stepInput": "9a79e19e-b64a-4ddf-a034-25108f13f9d7"
        }
      ]
    },
    {
      "id": "af1a0260-9a3a-40ce-94f8-96587755b5bd",
      "label": "Switch",
      "environment": "HOSTED",
      "presentation": "{\"w\":100,\"x\":1145,\"h\":50,\"y\":553}",
      "stepType": "SWITCH",
      "inputMappings": [
        {
          "inputPort": "input",
          "mapping": "${6dc61191-5ac6-4e53-895e-574b1b8c3176.Total Alert Count}"
        }
      ],
      "switchCases": [
        {
          "caseId": "88ae4884-1646-455e-8471-4aecaa92c46d",
          "caseValue": "0"
        }
      ]
    },
    {
      "id": "e20c0326-f223-411a-8d87-fa5d9002d9f4",
      "label": "Switch",
      "environment": "HOSTED",
      "presentation": "{\"w\":100,\"x\":552,\"h\":50,\"y\":252}",
      "stepType": "SWITCH",
      "inputMappings": [
        {
          "inputPort": "input",
          "mapping": "${41e4c935-e8f8-42d8-bf4f-99dfe8a80b08.Signal Mode}"
        }
      ],
      "switchCases": [
        {
          "caseId": "efe44020-cd99-4955-bbf3-1a2fd74e3893",
          "caseValue": "Test"
        },
        {
          "caseId": "e98d2ebc-0d31-4175-9544-4c9c760ec551",
          "caseValue": "Clear"
        },
        {
          "caseId": "60de9a28-f78a-474c-a4d8-5d6aac1303e8",
          "caseValue": "Alert"
        }
      ]
    },
    {
      "id": "3e4eb90e-7394-4c6a-b9a0-9eac483a2b81",
      "label": "Terminate Alerts",
      "environment": "HOSTED",
      "presentation": "{\"w\":100,\"x\":1365,\"h\":50,\"y\":838}",
      "step": "798e3053-b4b4-5e8c-ba84-8a11c3be6237",
      "stepType": "SCRIPT_STEP",
      "inputMappings": [
        {
          "inputPort": "input",
          "mapping": "${6dc61191-5ac6-4e53-895e-574b1b8c3176.Alert IDs}",
          "stepInput": "4fdf2591-4925-5682-8911-f0163d7f98dd"
        }
      ]
    }
  ],
  "edges": [
    {
      "fromBlock": "8a98b6ea-0621-45a6-98a4-86e9e6f813d4",
      "fromPort": "output",
      "toBlock": "a0665b29-0761-4797-8780-0429befb980a",
      "toPort": "input"
    },
    {
      "fromBlock": "a276c109-f674-4f94-a74e-b72ae5e0ba70",
      "fromPort": "output",
      "toBlock": "b8eb1b47-0497-44b6-86ba-57c8aa6a7801",
      "toPort": "input"
    },
    {
      "fromBlock": "af1a0260-9a3a-40ce-94f8-96587755b5bd",
      "fromPort": "output",
      "toBlock": "3e4eb90e-7394-4c6a-b9a0-9eac483a2b81",
      "toPort": "input"
    },
    {
      "fromBlock": "b91a9f1c-dcf0-47b7-b68e-447fc91a111a",
      "fromPort": "output",
      "toBlock": "48b16566-9114-43fb-b1f2-92e13dfec21b",
      "toPort": "input"
    },
    {
      "fromBlock": "daad31fd-4551-46c9-994a-c6a13e2fad3e",
      "fromPort": "output",
      "toBlock": "91c957b5-17ee-42d6-bdd4-d0cd22be57bd",
      "toPort": "input"
    },
    {
      "fromBlock": "e20c0326-f223-411a-8d87-fa5d9002d9f4",
      "fromPort": "60de9a28-f78a-474c-a4d8-5d6aac1303e8",
      "toBlock": "f038157e-f7f5-45a5-88f8-5f5e1467b9cf",
      "toPort": "input"
    },
    {
      "fromBlock": "e20c0326-f223-411a-8d87-fa5d9002d9f4",
      "fromPort": "e98d2ebc-0d31-4175-9544-4c9c760ec551",
      "toBlock": "6dc61191-5ac6-4e53-895e-574b1b8c3176",
      "toPort": "input"
    },
    {
      "fromBlock": "41e4c935-e8f8-42d8-bf4f-99dfe8a80b08",
      "fromPort": "output",
      "toBlock": "e20c0326-f223-411a-8d87-fa5d9002d9f4",
      "toPort": "input"
    },
    {
      "fromBlock": "6dc61191-5ac6-4e53-895e-574b1b8c3176",
      "fromPort": "output",
      "toBlock": "af1a0260-9a3a-40ce-94f8-96587755b5bd",
      "toPort": "input"
    }
  ]
}