{
  "integrations": [
    {
      "id": "99eb36b9-1298-4a8c-b6ee-a64176c0ca22",
      "name": "Alarms - LogicMonitor",
      "action": "RUN_SCRIPT",
      "type": "INBOUND_WEBHOOK",
      "deployed": true,
      "environment": "HOSTED",
      "authType": "URL",
      "createdBy": "FLOW",
      "integrationScriptStepUuid": "a7544410-0a0b-4267-a514-12e1a9d25c7d"
    },
    {
      "id": "e5c9fd5a-c1ab-4f6c-8ca2-d0e73f7d9e6d",
      "name": "Create Alert - Acknowledge - e5c9fd5a-c1ab-4f6c-8ca2-d0e73f7d9e6d",
      "action": "RUN_SCRIPT",
      "type": "OUTBOUND_WEBHOOK",
      "triggeredBy": "RESPONSE",
      "deployed": true,
      "environment": "HOSTED",
      "authType": "NONE",
      "createdBy": "FLOW"
    },
    {
      "id": "65230c80-86cc-4b6d-9c70-ba5d52eed23f",
      "name": "Create Alert - Alert Comments - 65230c80-86cc-4b6d-9c70-ba5d52eed23f",
      "action": "RUN_SCRIPT",
      "type": "OUTBOUND_WEBHOOK",
      "triggeredBy": "ANNOTATION",
      "deployed": true,
      "environment": "HOSTED",
      "authType": "NONE",
      "createdBy": "FLOW"
    },
    {
      "id": "4019ef11-fa16-4ff1-b125-45c64411742f",
      "name": "Create Alert - Device Delivery Updates - 4019ef11-fa16-4ff1-b125-45c64411742f",
      "action": "RUN_SCRIPT",
      "type": "OUTBOUND_WEBHOOK",
      "triggeredBy": "DELIVERYSTATUS",
      "deployed": true,
      "environment": "HOSTED",
      "authType": "NONE",
      "createdBy": "FLOW"
    },
    {
      "id": "06d41692-2a78-4210-8fc3-21ada2a9adec",
      "name": "Create Alert - Escalate - 06d41692-2a78-4210-8fc3-21ada2a9adec",
      "action": "RUN_SCRIPT",
      "type": "OUTBOUND_WEBHOOK",
      "triggeredBy": "RESPONSE",
      "deployed": true,
      "environment": "HOSTED",
      "authType": "NONE",
      "createdBy": "FLOW"
    }
  ],
  "endpoints": [
    {
      "name": "LogicMonitor",
      "baseUrl": "https://yourcompany.logicmonitor.com/santaba/rest",
      "type": "EXTERNAL",
      "authentication": "NO_AUTH"
    }
  ],
  "constants": [
    {
      "name": "LogicMonitor - Access ID",
      "value": "",
      "description": ""
    },
    {
      "name": "LogicMonitor - Access Key",
      "value": "",
      "description": ""
    }
  ]
}