[
  {
    "id": "ce8219dc-3a78-42cf-bd55-3a5772d0692f",
    "name": "LogicMonitor - Add Note",
    "description": "",
    "icon": "https://s3-xmatters-static.s3.amazonaws.com/null/customers/b37a4596-1e89-4b51-98cd-83844cf25f31/IMAGE__20220712135353099__logicmonitor_icon.png",
    "script": "console.log('------------[Start] LogicMonitor - Add Note-------------');\nvar CryptoJS = require('CryptoJS');\nvar Base64 = require('Base64');\n\nlet accessKey = input['Access Key'];\nlet accessId = input['Access ID'];\nlet alertId = input['Internal ID'];\n\nlet today = new Date();\nlet date = today.getFullYear() + '-' + (today.getMonth() + 1) + '-' + today.getDate();\nlet time = today.getHours() + \":\" + today.getMinutes() + \":\" + today.getSeconds();\nlet dateTime = date + ' ' + time;\n\nlet note = '';\nlet newNote = input['Note'] ? dateTime + \":\" + input['Note'] : dateTime + \": Alert acknowledged from xMatters\";\n\nlet currentNote = getAlertComment(accessKey, accessId, alertId);\n\nif(currentNote){\n    note += currentNote + '\\n' + newNote;\n} else {\n    note = newNote;\n}\n\nlet payload = {\n    \"ackComment\": note\n};\n\nlet http_verb = 'POST';\nlet resource_path = \"/alert/alerts/\" + alertId + \"/note\";\nlet parameters = \"\";\n\nlet request = http.request({\n    'endpoint': 'LogicMonitor',\n    'method': http_verb,\n    'path': resource_path + parameters,\n    'headers': {\n        'Content-Type': 'application/json',\n        'X-Version': 2,\n        'Authorization': generateAuthKey(accessKey, accessId, http_verb, resource_path, payload)\n    }\n});\n\nlet response = request.write(payload);\n\nif (response.statusCode == 200) {\n    output['Result'] = 'Success';\n} else {\n    output['Result'] = 'Failure';\n}\nconsole.log('------------[End] LogicMonitor - Add Note-------------');\n\nfunction generateAuthKey(accessKey, accessId, http_verb, resource_path, payload) {\n    let epoch = (new Date()).getTime();\n\n    let request_vars = http_verb + epoch + JSON.stringify(payload) + resource_path;\n    let hash = CryptoJS.lib.HmacSHA256(request_vars, accessKey).toString();\n    let signature = Base64.toBase64(Base64.stringToArrayUnicode(hash));\n\n    let authorization = \"LMv1 \" + accessId + \":\" + signature + \":\" + epoch;\n\n    return authorization;\n}\n\nfunction getAlertComment(accessKey, accessId, alertId) {\n    try {\n        let comment = '';\n        let http_verb = 'GET';\n        let resource_path = \"/alert/alerts/\" + alertId;\n        let parameters = \"\";\n\n        let request = http.request({\n            'endpoint': 'LogicMonitor',\n            'method': http_verb,\n            'path': resource_path + parameters,\n            'headers': {\n                'Content-Type': 'application/json',\n                'X-Version': 2,\n                'Authorization': generateAuthKey(accessKey, accessId, http_verb, resource_path, payload)\n            }\n        });\n\n        let response = request.write();\n\n        if (response.statusCode == 200) {\n            let lmAlert = JSON.parse(response.body);\n            comment = lmAlert.ackComment ? lmAlert.ackComment : '';\n        }\n        return comment;\n    } catch (e) {\n        return '';\n    }\n}",
    "endpointAuthType": "NO_AUTH",
    "endpointLabel": "LogicMonitor",
    "allowedEnvironment": "HOSTED",
    "accessibleByAll": "NotShared",
    "stage": "DEPLOYED",
    "scriptStepType": "USER",
    "inputs": [
      {
        "id": "d91f74ac-6492-4a6c-b3fb-bcdc001f1ff3",
        "name": "Access Key",
        "helpText": "",
        "defaultValue": "",
        "multiline": false,
        "required": true,
        "maxLength": 2000,
        "minLength": 0,
        "position": 0
      },
      {
        "id": "8b0ab4fa-9160-429b-850e-c54a9d462865",
        "name": "Access ID",
        "helpText": "",
        "defaultValue": "",
        "multiline": false,
        "required": true,
        "maxLength": 2000,
        "minLength": 0,
        "position": 1
      },
      {
        "id": "8ae23047-b323-43a1-99e3-80cadae94210",
        "name": "Internal ID",
        "helpText": "",
        "defaultValue": "",
        "multiline": false,
        "required": true,
        "maxLength": 2000,
        "minLength": 0,
        "position": 2
      },
      {
        "id": "9a79e19e-b64a-4ddf-a034-25108f13f9d7",
        "name": "Note",
        "helpText": "",
        "defaultValue": "",
        "multiline": false,
        "required": true,
        "maxLength": 2000,
        "minLength": 0,
        "position": 3
      }
    ],
    "outputs": [
      {
        "id": "af909b39-cf52-46ce-b862-d77085fd124b",
        "name": "Result",
        "description": "Success, Failure",
        "position": 0
      }
    ],
    "libraries": [
      {
        "id": "0d66dd9f-3abc-4d7c-8876-4bab12d8d862",
        "referenceName": "Base64",
        "library": {
          "id": "3e2e2a9d-4bdf-4cb5-a29a-62d5cfa3d179",
          "name": "LM - Base64",
          "script": "/**\n*\n*  Base64 encode / decode\n*  http://www.webtoolkit.info/\n*\n**/\n\nexports.stringToArrayUnicode = function (str){\n    for(var i=0, l=str.length, n=[]; i<l; i++){\n        n.push(str.charCodeAt(i));\n    }\n    return n;\n};\nexports.toBase64 = function(uint8array){//of bits, each value may not have more than 255 bits... //a normal \"array\" should work fine too..\n        //From 0x29 to 0x5a plus from 0x61 to 0x7A AND from 0x30 to 0x39\n        //Will not report errors if an array index has a value bigger than 255.. it will likely fail.\n        var a=[],i,output=[];\n        for(i=0x41;i<=0x5a;i++){//A-Z\n            a.push(String.fromCharCode(i));\n        }\n        for(i=0x61;i<=0x7A;i++){//a-z\n            a.push(String.fromCharCode(i));\n        }\n        for(i=0x30;i<=0x39;i++){//0-9\n            a.push(String.fromCharCode(i));\n        }\n        a.push('+','/');\n        var offset=0,offsetLength=0,x;\n        for(var i=0,l=uint8array.length;i<l;i++){\n            if(offsetLength==6){//if offsetlength is 6 that means that a whole offset is occupying the space of a byte, can you believe it.\n                offsetLength=0;\n                output.push(a[offset]);\n                offset=0;\n                i--;\n                continue;\n            }\n            x=paf(offset,offsetLength,uint8array[i]);\n            offset=x[0];\n            offsetLength=x[1];\n            output.push(a[x[2]]);\n        }\n        if(offsetLength){\n            if(offsetLength==6){\n                output.push(a[offset]);\n            }else{\n                var y=(6-offsetLength)/2;\n                x=paf(offset,offsetLength,0);\n                offset=x[0];\n                output.push(a[x[2]]);\n                switch (y){\n                    case 2:output.push('=');//This thingy right here, you know.. the offsets also, no break statement;\n                    case 1:output.push('=');\n                    break;\n                }\n            }\n        }\n        return output.join('');//You can change it so the result is an array instead!!!!\n    };\n \n\n\n\nfunction generateOnesByLength(n){//Attempts to generate a binary number full of ones given a length.. they don't redefine each other that much.\n        var x=0;\n        for(var i=0;i<n;i++){\n            x<<=1;x|=1;//I don't know if this is performant faster than Math.pow but seriously I don't think I'll need Math.pow, do I?\n        }\n        return x;\n    }\nfunction paf(_offset,_offsetlength,_number){//I don't have any name for this function at ALL, but I will explain what it does, it takes an offset, a number and returns the base64 number and the offset of the next number.\n        //the next function will be used to extract the offset of the number..\n        var a=6-_offsetlength,b=8-a;//Oh god, 8 is HARDCODED! Because 8 is the number of bits in a byte!!!\n        //And 6 is the mini-byte used by wikipedia base64 article... at least on 2013.\n        //I imagine this code being read in 2432 or something, that probably won't happen..\n        return [_number&generateOnesByLength(b),b,(_offset<<a)|(_number>>b)];//offset & offsetlength & number \n    }\n\n   ",
          "accessibleByAll": "NotShared"
        }
      },
      {
        "id": "b4b24f4a-1486-4f7e-96ba-068453445fb5",
        "referenceName": "CryptoJS",
        "library": {
          "id": "bf30f89c-2593-45c8-890e-2c8857f35433",
          "name": "LM - CryptoJS",
          "script": "/*\nCryptoJS v3.1.2\ncode.google.com/p/crypto-js\n(c) 2009-2013 by Jeff Mott. All rights reserved.\ncode.google.com/p/crypto-js/wiki/License\n*/\nvar CryptoJS=CryptoJS||function(h,s){var f={},g=f.lib={},q=function(){},m=g.Base={extend:function(a){q.prototype=this;var c=new q;a&&c.mixIn(a);c.hasOwnProperty(\"init\")||(c.init=function(){c.$super.init.apply(this,arguments)});c.init.prototype=c;c.$super=this;return c},create:function(){var a=this.extend();a.init.apply(a,arguments);return a},init:function(){},mixIn:function(a){for(var c in a)a.hasOwnProperty(c)&&(this[c]=a[c]);a.hasOwnProperty(\"toString\")&&(this.toString=a.toString)},clone:function(){return this.init.prototype.extend(this)}},\nr=g.WordArray=m.extend({init:function(a,c){a=this.words=a||[];this.sigBytes=c!=s?c:4*a.length},toString:function(a){return(a||k).stringify(this)},concat:function(a){var c=this.words,d=a.words,b=this.sigBytes;a=a.sigBytes;this.clamp();if(b%4)for(var e=0;e<a;e++)c[b+e>>>2]|=(d[e>>>2]>>>24-8*(e%4)&255)<<24-8*((b+e)%4);else if(65535<d.length)for(e=0;e<a;e+=4)c[b+e>>>2]=d[e>>>2];else c.push.apply(c,d);this.sigBytes+=a;return this},clamp:function(){var a=this.words,c=this.sigBytes;a[c>>>2]&=4294967295<<\n32-8*(c%4);a.length=h.ceil(c/4)},clone:function(){var a=m.clone.call(this);a.words=this.words.slice(0);return a},random:function(a){for(var c=[],d=0;d<a;d+=4)c.push(4294967296*h.random()|0);return new r.init(c,a)}}),l=f.enc={},k=l.Hex={stringify:function(a){var c=a.words;a=a.sigBytes;for(var d=[],b=0;b<a;b++){var e=c[b>>>2]>>>24-8*(b%4)&255;d.push((e>>>4).toString(16));d.push((e&15).toString(16))}return d.join(\"\")},parse:function(a){for(var c=a.length,d=[],b=0;b<c;b+=2)d[b>>>3]|=parseInt(a.substr(b,\n2),16)<<24-4*(b%8);return new r.init(d,c/2)}},n=l.Latin1={stringify:function(a){var c=a.words;a=a.sigBytes;for(var d=[],b=0;b<a;b++)d.push(String.fromCharCode(c[b>>>2]>>>24-8*(b%4)&255));return d.join(\"\")},parse:function(a){for(var c=a.length,d=[],b=0;b<c;b++)d[b>>>2]|=(a.charCodeAt(b)&255)<<24-8*(b%4);return new r.init(d,c)}},j=l.Utf8={stringify:function(a){try{return decodeURIComponent(escape(n.stringify(a)))}catch(c){throw Error(\"Malformed UTF-8 data\");}},parse:function(a){return n.parse(unescape(encodeURIComponent(a)))}},\nu=g.BufferedBlockAlgorithm=m.extend({reset:function(){this._data=new r.init;this._nDataBytes=0},_append:function(a){\"string\"==typeof a&&(a=j.parse(a));this._data.concat(a);this._nDataBytes+=a.sigBytes},_process:function(a){var c=this._data,d=c.words,b=c.sigBytes,e=this.blockSize,f=b/(4*e),f=a?h.ceil(f):h.max((f|0)-this._minBufferSize,0);a=f*e;b=h.min(4*a,b);if(a){for(var g=0;g<a;g+=e)this._doProcessBlock(d,g);g=d.splice(0,a);c.sigBytes-=b}return new r.init(g,b)},clone:function(){var a=m.clone.call(this);\na._data=this._data.clone();return a},_minBufferSize:0});g.Hasher=u.extend({cfg:m.extend(),init:function(a){this.cfg=this.cfg.extend(a);this.reset()},reset:function(){u.reset.call(this);this._doReset()},update:function(a){this._append(a);this._process();return this},finalize:function(a){a&&this._append(a);return this._doFinalize()},blockSize:16,_createHelper:function(a){return function(c,d){return(new a.init(d)).finalize(c)}},_createHmacHelper:function(a){return function(c,d){return(new t.HMAC.init(a,\nd)).finalize(c)}}});var t=f.algo={};return f}(Math);\n(function(h){for(var s=CryptoJS,f=s.lib,g=f.WordArray,q=f.Hasher,f=s.algo,m=[],r=[],l=function(a){return 4294967296*(a-(a|0))|0},k=2,n=0;64>n;){var j;a:{j=k;for(var u=h.sqrt(j),t=2;t<=u;t++)if(!(j%t)){j=!1;break a}j=!0}j&&(8>n&&(m[n]=l(h.pow(k,0.5))),r[n]=l(h.pow(k,1/3)),n++);k++}var a=[],f=f.SHA256=q.extend({_doReset:function(){this._hash=new g.init(m.slice(0))},_doProcessBlock:function(c,d){for(var b=this._hash.words,e=b[0],f=b[1],g=b[2],j=b[3],h=b[4],m=b[5],n=b[6],q=b[7],p=0;64>p;p++){if(16>p)a[p]=\nc[d+p]|0;else{var k=a[p-15],l=a[p-2];a[p]=((k<<25|k>>>7)^(k<<14|k>>>18)^k>>>3)+a[p-7]+((l<<15|l>>>17)^(l<<13|l>>>19)^l>>>10)+a[p-16]}k=q+((h<<26|h>>>6)^(h<<21|h>>>11)^(h<<7|h>>>25))+(h&m^~h&n)+r[p]+a[p];l=((e<<30|e>>>2)^(e<<19|e>>>13)^(e<<10|e>>>22))+(e&f^e&g^f&g);q=n;n=m;m=h;h=j+k|0;j=g;g=f;f=e;e=k+l|0}b[0]=b[0]+e|0;b[1]=b[1]+f|0;b[2]=b[2]+g|0;b[3]=b[3]+j|0;b[4]=b[4]+h|0;b[5]=b[5]+m|0;b[6]=b[6]+n|0;b[7]=b[7]+q|0},_doFinalize:function(){var a=this._data,d=a.words,b=8*this._nDataBytes,e=8*a.sigBytes;\nd[e>>>5]|=128<<24-e%32;d[(e+64>>>9<<4)+14]=h.floor(b/4294967296);d[(e+64>>>9<<4)+15]=b;a.sigBytes=4*d.length;this._process();return this._hash},clone:function(){var a=q.clone.call(this);a._hash=this._hash.clone();return a}});s.SHA256=q._createHelper(f);s.HmacSHA256=q._createHmacHelper(f)})(Math);\n(function(){var h=CryptoJS,s=h.enc.Utf8;h.algo.HMAC=h.lib.Base.extend({init:function(f,g){f=this._hasher=new f.init;\"string\"==typeof g&&(g=s.parse(g));var h=f.blockSize,m=4*h;g.sigBytes>m&&(g=f.finalize(g));g.clamp();for(var r=this._oKey=g.clone(),l=this._iKey=g.clone(),k=r.words,n=l.words,j=0;j<h;j++)k[j]^=1549556828,n[j]^=909522486;r.sigBytes=l.sigBytes=m;this.reset()},reset:function(){var f=this._hasher;f.reset();f.update(this._iKey)},update:function(f){this._hasher.update(f);return this},finalize:function(f){var g=\nthis._hasher;f=g.finalize(f);g.reset();return g.finalize(this._oKey.clone().concat(f))}})})();\n\n/*\nCryptoJS v3.1.2\ncode.google.com/p/crypto-js\n(c) 2009-2013 by Jeff Mott. All rights reserved.\ncode.google.com/p/crypto-js/wiki/License\n*/\n(function(){var h=CryptoJS,j=h.lib.WordArray;h.enc.Base64={stringify:function(b){var e=b.words,f=b.sigBytes,c=this._map;b.clamp();b=[];for(var a=0;a<f;a+=3)for(var d=(e[a>>>2]>>>24-8*(a%4)&255)<<16|(e[a+1>>>2]>>>24-8*((a+1)%4)&255)<<8|e[a+2>>>2]>>>24-8*((a+2)%4)&255,g=0;4>g&&a+0.75*g<f;g++)b.push(c.charAt(d>>>6*(3-g)&63));if(e=c.charAt(64))for(;b.length%4;)b.push(e);return b.join(\"\")},parse:function(b){var e=b.length,f=this._map,c=f.charAt(64);c&&(c=b.indexOf(c),-1!=c&&(e=c));for(var c=[],a=0,d=0;d<\ne;d++)if(d%4){var g=f.indexOf(b.charAt(d-1))<<2*(d%4),h=f.indexOf(b.charAt(d))>>>6-2*(d%4);c[a>>>2]|=(g|h)<<24-8*(a%4);a++}return j.create(c,a)},_map:\"ABCDEFGHIJKLMNOPQRSTUVWXYZabcdefghijklmnopqrstuvwxyz0123456789+/=\"}})();\n\n\nexports.lib = CryptoJS;",
          "accessibleByAll": "NotShared"
        }
      }
    ]
  },
  {
    "id": "57e37c8a-4a37-4bd8-b726-b143808a151d",
    "name": "LogicMonitor - Acknowledge",
    "description": "",
    "icon": "https://s3-xmatters-static.s3.amazonaws.com/null/customers/b37a4596-1e89-4b51-98cd-83844cf25f31/IMAGE__20220712135353099__logicmonitor_icon.png",
    "script": "console.log('------------[Start] LogicMonitor - Acknowledge-------------');\nvar CryptoJS = require('CryptoJS');\nvar Base64 = require('Base64');\n\nlet accessKey = input['Access Key'];\nlet accessId = input['Access ID'];\nlet alertId = input['Internal ID'];\n\nlet today = new Date();\nlet date = today.getFullYear() + '-' + (today.getMonth() + 1) + '-' + today.getDate();\nlet time = today.getHours() + \":\" + today.getMinutes() + \":\" + today.getSeconds();\nlet dateTime = date + ' ' + time;\n\nlet comment = '';\nlet newComment = input['Comment'] ? dateTime + \":\" + input['Comment'] : dateTime + \": Alert acknowledge from xMatters\";\nlet currentComment = getAlertComment(accessKey, accessId, alertId);\n\nif(currentComment){\n    comment += currentComment + '\\n' + newComment;\n} else {\n    comment = newComment;\n}\n\nlet payload = {\n    \"ackComment\": comment\n};\n\nlet http_verb = 'POST';\nlet resource_path = \"/alert/alerts/\" + alertId + \"/ack\";\nlet parameters = \"\";\n\nlet request = http.request({\n    'endpoint': 'LogicMonitor',\n    'method': http_verb,\n    'path': resource_path + parameters,\n    'headers': {\n        'Content-Type': 'application/json',\n        'X-Version': 2,\n        'Authorization': generateAuthKey(accessKey, accessId, http_verb, resource_path, payload)\n    }\n});\n\nlet response = request.write(payload);\n\nif(response.statusCode == 200){\n    output['Result'] = 'Success';\n} else {\n    output['Result'] = 'Failure';\n}\nconsole.log('------------[End] LogicMonitor - Acknowledge-------------');\n\nfunction generateAuthKey(accessKey, accessId, http_verb, resource_path, payload) {\n    let epoch = (new Date()).getTime();\n\n    let request_vars = http_verb + epoch + JSON.stringify(payload) + resource_path;\n    let hash = CryptoJS.lib.HmacSHA256(request_vars, accessKey).toString();\n    let signature = Base64.toBase64(Base64.stringToArrayUnicode(hash));\n\n    let authorization = \"LMv1 \" + accessId + \":\" + signature + \":\" + epoch;\n\n    return authorization;\n}\n\nfunction getAlertComment(accessKey, accessId, alertId) {\n    try {\n        let comment = '';\n        let http_verb = 'GET';\n        let resource_path = \"/alert/alerts/\" + alertId;\n        let parameters = \"\";\n\n        let request = http.request({\n            'endpoint': 'LogicMonitor',\n            'method': http_verb,\n            'path': resource_path + parameters,\n            'headers': {\n                'Content-Type': 'application/json',\n                'X-Version': 2,\n                'Authorization': generateAuthKey(accessKey, accessId, http_verb, resource_path, payload)\n            }\n        });\n\n        let response = request.write();\n\n        if (response.statusCode == 200) {\n            let lmAlert = JSON.parse(response.body);\n            comment = lmAlert.ackComment ? lmAlert.ackComment : '';\n        }\n        return comment;\n    } catch (e) {\n        return '';\n    }\n}",
    "endpointAuthType": "NO_AUTH",
    "endpointLabel": "LogicMonitor",
    "allowedEnvironment": "HOSTED",
    "accessibleByAll": "NotShared",
    "stage": "DEPLOYED",
    "scriptStepType": "USER",
    "inputs": [
      {
        "id": "49861d34-9dc4-4106-b204-1a6cde6e96ca",
        "name": "Access Key",
        "helpText": "",
        "defaultValue": "",
        "multiline": false,
        "required": true,
        "maxLength": 2000,
        "minLength": 0,
        "position": 0
      },
      {
        "id": "4c741212-b931-45cc-b1ff-fd38d6eaf262",
        "name": "Access ID",
        "helpText": "",
        "defaultValue": "",
        "multiline": false,
        "required": true,
        "maxLength": 2000,
        "minLength": 0,
        "position": 1
      },
      {
        "id": "50b86b31-dbc9-46b1-882f-7a024d031fed",
        "name": "Internal ID",
        "helpText": "",
        "defaultValue": "",
        "multiline": false,
        "required": true,
        "maxLength": 2000,
        "minLength": 0,
        "position": 2
      },
      {
        "id": "b82b22e9-9565-4bbd-97cb-d2f4b1a16517",
        "name": "Comment",
        "helpText": "",
        "defaultValue": "",
        "multiline": false,
        "required": false,
        "maxLength": 2000,
        "minLength": 0,
        "position": 3
      }
    ],
    "outputs": [
      {
        "id": "7977ab1e-4a75-4f5f-ae3d-ac4fc4ebd64c",
        "name": "Result",
        "description": "Success, Failure",
        "position": 0
      }
    ],
    "libraries": [
      {
        "id": "2b9bcab3-9005-4854-abe4-c9d8f1f9a838",
        "referenceName": "CryptoJS",
        "library": {
          "id": "bf30f89c-2593-45c8-890e-2c8857f35433",
          "name": "LM - CryptoJS",
          "script": "/*\nCryptoJS v3.1.2\ncode.google.com/p/crypto-js\n(c) 2009-2013 by Jeff Mott. All rights reserved.\ncode.google.com/p/crypto-js/wiki/License\n*/\nvar CryptoJS=CryptoJS||function(h,s){var f={},g=f.lib={},q=function(){},m=g.Base={extend:function(a){q.prototype=this;var c=new q;a&&c.mixIn(a);c.hasOwnProperty(\"init\")||(c.init=function(){c.$super.init.apply(this,arguments)});c.init.prototype=c;c.$super=this;return c},create:function(){var a=this.extend();a.init.apply(a,arguments);return a},init:function(){},mixIn:function(a){for(var c in a)a.hasOwnProperty(c)&&(this[c]=a[c]);a.hasOwnProperty(\"toString\")&&(this.toString=a.toString)},clone:function(){return this.init.prototype.extend(this)}},\nr=g.WordArray=m.extend({init:function(a,c){a=this.words=a||[];this.sigBytes=c!=s?c:4*a.length},toString:function(a){return(a||k).stringify(this)},concat:function(a){var c=this.words,d=a.words,b=this.sigBytes;a=a.sigBytes;this.clamp();if(b%4)for(var e=0;e<a;e++)c[b+e>>>2]|=(d[e>>>2]>>>24-8*(e%4)&255)<<24-8*((b+e)%4);else if(65535<d.length)for(e=0;e<a;e+=4)c[b+e>>>2]=d[e>>>2];else c.push.apply(c,d);this.sigBytes+=a;return this},clamp:function(){var a=this.words,c=this.sigBytes;a[c>>>2]&=4294967295<<\n32-8*(c%4);a.length=h.ceil(c/4)},clone:function(){var a=m.clone.call(this);a.words=this.words.slice(0);return a},random:function(a){for(var c=[],d=0;d<a;d+=4)c.push(4294967296*h.random()|0);return new r.init(c,a)}}),l=f.enc={},k=l.Hex={stringify:function(a){var c=a.words;a=a.sigBytes;for(var d=[],b=0;b<a;b++){var e=c[b>>>2]>>>24-8*(b%4)&255;d.push((e>>>4).toString(16));d.push((e&15).toString(16))}return d.join(\"\")},parse:function(a){for(var c=a.length,d=[],b=0;b<c;b+=2)d[b>>>3]|=parseInt(a.substr(b,\n2),16)<<24-4*(b%8);return new r.init(d,c/2)}},n=l.Latin1={stringify:function(a){var c=a.words;a=a.sigBytes;for(var d=[],b=0;b<a;b++)d.push(String.fromCharCode(c[b>>>2]>>>24-8*(b%4)&255));return d.join(\"\")},parse:function(a){for(var c=a.length,d=[],b=0;b<c;b++)d[b>>>2]|=(a.charCodeAt(b)&255)<<24-8*(b%4);return new r.init(d,c)}},j=l.Utf8={stringify:function(a){try{return decodeURIComponent(escape(n.stringify(a)))}catch(c){throw Error(\"Malformed UTF-8 data\");}},parse:function(a){return n.parse(unescape(encodeURIComponent(a)))}},\nu=g.BufferedBlockAlgorithm=m.extend({reset:function(){this._data=new r.init;this._nDataBytes=0},_append:function(a){\"string\"==typeof a&&(a=j.parse(a));this._data.concat(a);this._nDataBytes+=a.sigBytes},_process:function(a){var c=this._data,d=c.words,b=c.sigBytes,e=this.blockSize,f=b/(4*e),f=a?h.ceil(f):h.max((f|0)-this._minBufferSize,0);a=f*e;b=h.min(4*a,b);if(a){for(var g=0;g<a;g+=e)this._doProcessBlock(d,g);g=d.splice(0,a);c.sigBytes-=b}return new r.init(g,b)},clone:function(){var a=m.clone.call(this);\na._data=this._data.clone();return a},_minBufferSize:0});g.Hasher=u.extend({cfg:m.extend(),init:function(a){this.cfg=this.cfg.extend(a);this.reset()},reset:function(){u.reset.call(this);this._doReset()},update:function(a){this._append(a);this._process();return this},finalize:function(a){a&&this._append(a);return this._doFinalize()},blockSize:16,_createHelper:function(a){return function(c,d){return(new a.init(d)).finalize(c)}},_createHmacHelper:function(a){return function(c,d){return(new t.HMAC.init(a,\nd)).finalize(c)}}});var t=f.algo={};return f}(Math);\n(function(h){for(var s=CryptoJS,f=s.lib,g=f.WordArray,q=f.Hasher,f=s.algo,m=[],r=[],l=function(a){return 4294967296*(a-(a|0))|0},k=2,n=0;64>n;){var j;a:{j=k;for(var u=h.sqrt(j),t=2;t<=u;t++)if(!(j%t)){j=!1;break a}j=!0}j&&(8>n&&(m[n]=l(h.pow(k,0.5))),r[n]=l(h.pow(k,1/3)),n++);k++}var a=[],f=f.SHA256=q.extend({_doReset:function(){this._hash=new g.init(m.slice(0))},_doProcessBlock:function(c,d){for(var b=this._hash.words,e=b[0],f=b[1],g=b[2],j=b[3],h=b[4],m=b[5],n=b[6],q=b[7],p=0;64>p;p++){if(16>p)a[p]=\nc[d+p]|0;else{var k=a[p-15],l=a[p-2];a[p]=((k<<25|k>>>7)^(k<<14|k>>>18)^k>>>3)+a[p-7]+((l<<15|l>>>17)^(l<<13|l>>>19)^l>>>10)+a[p-16]}k=q+((h<<26|h>>>6)^(h<<21|h>>>11)^(h<<7|h>>>25))+(h&m^~h&n)+r[p]+a[p];l=((e<<30|e>>>2)^(e<<19|e>>>13)^(e<<10|e>>>22))+(e&f^e&g^f&g);q=n;n=m;m=h;h=j+k|0;j=g;g=f;f=e;e=k+l|0}b[0]=b[0]+e|0;b[1]=b[1]+f|0;b[2]=b[2]+g|0;b[3]=b[3]+j|0;b[4]=b[4]+h|0;b[5]=b[5]+m|0;b[6]=b[6]+n|0;b[7]=b[7]+q|0},_doFinalize:function(){var a=this._data,d=a.words,b=8*this._nDataBytes,e=8*a.sigBytes;\nd[e>>>5]|=128<<24-e%32;d[(e+64>>>9<<4)+14]=h.floor(b/4294967296);d[(e+64>>>9<<4)+15]=b;a.sigBytes=4*d.length;this._process();return this._hash},clone:function(){var a=q.clone.call(this);a._hash=this._hash.clone();return a}});s.SHA256=q._createHelper(f);s.HmacSHA256=q._createHmacHelper(f)})(Math);\n(function(){var h=CryptoJS,s=h.enc.Utf8;h.algo.HMAC=h.lib.Base.extend({init:function(f,g){f=this._hasher=new f.init;\"string\"==typeof g&&(g=s.parse(g));var h=f.blockSize,m=4*h;g.sigBytes>m&&(g=f.finalize(g));g.clamp();for(var r=this._oKey=g.clone(),l=this._iKey=g.clone(),k=r.words,n=l.words,j=0;j<h;j++)k[j]^=1549556828,n[j]^=909522486;r.sigBytes=l.sigBytes=m;this.reset()},reset:function(){var f=this._hasher;f.reset();f.update(this._iKey)},update:function(f){this._hasher.update(f);return this},finalize:function(f){var g=\nthis._hasher;f=g.finalize(f);g.reset();return g.finalize(this._oKey.clone().concat(f))}})})();\n\n/*\nCryptoJS v3.1.2\ncode.google.com/p/crypto-js\n(c) 2009-2013 by Jeff Mott. All rights reserved.\ncode.google.com/p/crypto-js/wiki/License\n*/\n(function(){var h=CryptoJS,j=h.lib.WordArray;h.enc.Base64={stringify:function(b){var e=b.words,f=b.sigBytes,c=this._map;b.clamp();b=[];for(var a=0;a<f;a+=3)for(var d=(e[a>>>2]>>>24-8*(a%4)&255)<<16|(e[a+1>>>2]>>>24-8*((a+1)%4)&255)<<8|e[a+2>>>2]>>>24-8*((a+2)%4)&255,g=0;4>g&&a+0.75*g<f;g++)b.push(c.charAt(d>>>6*(3-g)&63));if(e=c.charAt(64))for(;b.length%4;)b.push(e);return b.join(\"\")},parse:function(b){var e=b.length,f=this._map,c=f.charAt(64);c&&(c=b.indexOf(c),-1!=c&&(e=c));for(var c=[],a=0,d=0;d<\ne;d++)if(d%4){var g=f.indexOf(b.charAt(d-1))<<2*(d%4),h=f.indexOf(b.charAt(d))>>>6-2*(d%4);c[a>>>2]|=(g|h)<<24-8*(a%4);a++}return j.create(c,a)},_map:\"ABCDEFGHIJKLMNOPQRSTUVWXYZabcdefghijklmnopqrstuvwxyz0123456789+/=\"}})();\n\n\nexports.lib = CryptoJS;",
          "accessibleByAll": "NotShared"
        }
      },
      {
        "id": "eccc34df-2db2-4ae0-b8b1-8db53b0755e5",
        "referenceName": "Base64",
        "library": {
          "id": "3e2e2a9d-4bdf-4cb5-a29a-62d5cfa3d179",
          "name": "LM - Base64",
          "script": "/**\n*\n*  Base64 encode / decode\n*  http://www.webtoolkit.info/\n*\n**/\n\nexports.stringToArrayUnicode = function (str){\n    for(var i=0, l=str.length, n=[]; i<l; i++){\n        n.push(str.charCodeAt(i));\n    }\n    return n;\n};\nexports.toBase64 = function(uint8array){//of bits, each value may not have more than 255 bits... //a normal \"array\" should work fine too..\n        //From 0x29 to 0x5a plus from 0x61 to 0x7A AND from 0x30 to 0x39\n        //Will not report errors if an array index has a value bigger than 255.. it will likely fail.\n        var a=[],i,output=[];\n        for(i=0x41;i<=0x5a;i++){//A-Z\n            a.push(String.fromCharCode(i));\n        }\n        for(i=0x61;i<=0x7A;i++){//a-z\n            a.push(String.fromCharCode(i));\n        }\n        for(i=0x30;i<=0x39;i++){//0-9\n            a.push(String.fromCharCode(i));\n        }\n        a.push('+','/');\n        var offset=0,offsetLength=0,x;\n        for(var i=0,l=uint8array.length;i<l;i++){\n            if(offsetLength==6){//if offsetlength is 6 that means that a whole offset is occupying the space of a byte, can you believe it.\n                offsetLength=0;\n                output.push(a[offset]);\n                offset=0;\n                i--;\n                continue;\n            }\n            x=paf(offset,offsetLength,uint8array[i]);\n            offset=x[0];\n            offsetLength=x[1];\n            output.push(a[x[2]]);\n        }\n        if(offsetLength){\n            if(offsetLength==6){\n                output.push(a[offset]);\n            }else{\n                var y=(6-offsetLength)/2;\n                x=paf(offset,offsetLength,0);\n                offset=x[0];\n                output.push(a[x[2]]);\n                switch (y){\n                    case 2:output.push('=');//This thingy right here, you know.. the offsets also, no break statement;\n                    case 1:output.push('=');\n                    break;\n                }\n            }\n        }\n        return output.join('');//You can change it so the result is an array instead!!!!\n    };\n \n\n\n\nfunction generateOnesByLength(n){//Attempts to generate a binary number full of ones given a length.. they don't redefine each other that much.\n        var x=0;\n        for(var i=0;i<n;i++){\n            x<<=1;x|=1;//I don't know if this is performant faster than Math.pow but seriously I don't think I'll need Math.pow, do I?\n        }\n        return x;\n    }\nfunction paf(_offset,_offsetlength,_number){//I don't have any name for this function at ALL, but I will explain what it does, it takes an offset, a number and returns the base64 number and the offset of the next number.\n        //the next function will be used to extract the offset of the number..\n        var a=6-_offsetlength,b=8-a;//Oh god, 8 is HARDCODED! Because 8 is the number of bits in a byte!!!\n        //And 6 is the mini-byte used by wikipedia base64 article... at least on 2013.\n        //I imagine this code being read in 2432 or something, that probably won't happen..\n        return [_number&generateOnesByLength(b),b,(_offset<<a)|(_number>>b)];//offset & offsetlength & number \n    }\n\n   ",
          "accessibleByAll": "NotShared"
        }
      }
    ]
  },
  {
    "id": "a7544410-0a0b-4267-a514-12e1a9d25c7d",
    "name": "LogicMonitor",
    "description": "",
    "icon": "https://s3-xmatters-static.s3.amazonaws.com/null/customers/b37a4596-1e89-4b51-98cd-83844cf25f31/IMAGE__20220712135353099__logicmonitor_icon.png",
    "script": "// Parse incoming data \nvar payload = JSON.parse(request.body);\n\n// Get signal mode\nif (payload.alert_status === 'test') {\n    // Test alert\n    output['Signal Mode'] = 'Test';\n}\nelse if (payload.alert_status === 'clear' || (payload.alert_status === 'ack' && !payload.message.startsWith(\"A new comment is added\") && payload.message.startsWith(\"Alert \"))) {\n    // The alert is resolved\n    output['Signal Mode'] = 'Clear';\n}\nelse if (payload.alert_status === 'ack' && payload.message.startsWith(\"A new comment is added\") && !payload.message.startsWith(\"Alert \")) {\n    // New comment added to alert\n    output['Signal Mode'] = 'Comment';\n}\nelse {\n    // New alert\n    output['Signal Mode'] = 'Alert';\n}\n\noutput['Recipients'] = payload.xmatters_recipients ? payload.xmatters_recipients : '';\noutput['Signal ID'] = payload.internal_id ? payload.internal_id : '';\noutput['Internal ID'] = payload.internal_id ? payload.internal_id : '';\noutput['External Ticket ID'] = payload.external_ticket_id ? payload.external_ticket_id : '';\noutput['Message'] = payload.message ? payload.message : '';\noutput['Alert Type'] = payload.alert_type ? payload.alert_type : '';\noutput['Admin'] = payload.admin ? payload.admin : '';\n\n\noutput['Alert Status'] = payload.alert_status ? payload.alert_status : '';\noutput['Alert Detail URL'] = payload.alert_detail_url ? payload.alert_detail_url : '';\noutput['Alert ID'] = payload.alert_id ? payload.alert_id : '';\noutput['Start'] = payload.start ? payload.start : '';\noutput['Level'] = payload.level ? payload.level : '';\noutput['Agent Description'] = payload.agent_description ? payload.agent_description : '';\noutput['Agent ID'] = payload.agent_id ? payload.agent_id : '';\noutput['Data Source'] = payload.data_source ? payload.data_source : '';\noutput['Date'] = payload.date ? payload.date : '';\noutput['End'] = payload.end ? payload.end : '';\noutput['Value'] = payload.value ? payload.value : '';\noutput['Backup Agent Description'] = payload.backup_agent_description ? payload.backup_agent_description : '';\noutput['Backup Agent ID'] = payload.backup_agent_id ? payload.backup_agent_id : '';\noutput['Device URL'] = payload.device_url ? payload.device_url : '';\noutput['Duration'] = payload.duration ? payload.duration : '';\noutput['Group'] = payload.group ? payload.group : '';\noutput['Host'] = payload.host ? payload.host : '';\noutput['Host Description'] = payload.host_description ? payload.host_description : '';\noutput['Host Name'] = payload.host_name ? payload.host_name : '';\noutput['Start Epoch'] = payload.start_epoch ? payload.start_epoch : '';\noutput['Alert Dependency Role'] = payload.alert_dependency_role ? payload.alert_dependency_role : '';\noutput['Data Point'] = payload.data_point ? payload.data_point : '';\noutput['Dependency Message'] = payload.dependency_message ? payload.dependency_message : '';\noutput['Dependent Alert Count'] = payload.dependent_alert_count ? payload.dependent_alert_count : '';\noutput['Dependent Resource Count'] = payload.dependent_resource_count ? payload.dependent_resource_count : '';\noutput['Direct Cause'] = payload.direct_cause ? payload.direct_cause : '';\noutput['DS Description'] = payload.ds_description ? payload.ds_description : '';\noutput['DS Name'] = payload.ds_name ? payload.ds_name : '';\noutput['Instance Group'] = payload.instance_group ? payload.instance_group : '';\noutput['Originating Cause'] = payload.originating_cause ? payload.originating_cause : '';\noutput['Routing State'] = payload.routing_state ? payload.routing_state : '';\noutput['Auto Fallback Enabled'] = payload.auto_fallback_enabled ? payload.auto_fallback_enabled : '';\noutput['BJ Description'] = payload.bj_description ? payload.bj_description : '';\noutput['Checkpoint'] = payload.checkpoint ? payload.checkpoint : '';\noutput['Command Line'] = payload.cmdline ? payload.cmdline : '';\noutput['Collector Group'] = payload.collector_group ? payload.collector_group : '';\noutput['Detail'] = payload.detail ? payload.detail : '';\noutput['DP Description'] = payload.dp_description ? payload.dp_description : '';\noutput['DT Alert Description'] = payload.dt_alert_description ? payload.dt_alert_description : '';\noutput['Enterprise OID'] = payload.enterprise_oid ? payload.enterprise_oid : '';\noutput['Event Code'] = payload.event_code ? payload.event_code : '';\noutput['Event Source'] = payload.event_source ? payload.event_source : '';\noutput['Exit Code'] = payload.exit_code ? payload.exit_code : '';\noutput['Finish'] = payload.finish ? payload.finish : '';\noutput['General Code'] = payload.general_code ? payload.general_code : '';\noutput['Instance'] = payload.instance ? payload.instance : '';\noutput['Limited Message'] = payload.limited_message ? payload.limited_message : '';\noutput['Log File'] = payload.log_file ? payload.log_file : '';\noutput['Source Name'] = payload.source_name ? payload.source_name: '';\noutput['Specific Code'] = payload.specific_code ? payload.specific_code : '';\noutput['stderr'] = payload.stderr ? payload.stderr : '';\noutput['stdout'] = payload.stdout ? payload.stdout : '';\noutput['System Uptime'] = payload.sys_uptime ? payload.sys_uptime : '';\noutput['Threshold'] = payload.threshold ? payload.threshold : '';\noutput['Timestamp'] = payload.timestamp ? payload.timestamp : '';\noutput['Trap OID'] = payload.trap_oid ? payload.trap_oid : '';\noutput['Type'] = payload.type ? payload.type : '';\noutput['URL'] = payload.url ? payload.url : '';\noutput['User'] = payload.user ? payload.user : '';\noutput['User Data'] = payload.user_data ? payload.user_data : '';\noutput['Website'] = payload.website ? payload.website : '';\noutput['Website Description'] = payload.website_description ? payload.website_description : '';\noutput['Website Group'] = payload.website_group ? payload.website_group : '';\noutput['Website Request'] = payload.website_request ? payload.website_request : '';\noutput['Website Response'] = payload.website_response ? payload.website_response : '';\noutput['Wild Value'] = payload.wild_value ? payload.wild_value : '';\noutput['Facility'] = payload.facility ? payload.facility : '';",
    "allowedEnvironment": "HOSTED",
    "accessibleByAll": "NotShared",
    "triggerAuthType": "ALLOW_ALL",
    "stage": "DEPLOYED",
    "scriptStepType": "CUSTOM_HTTP",
    "inputs": [],
    "outputs": [
      {
        "id": "1216b6d2-5306-4699-9790-387390213139",
        "name": "Recipients",
        "position": 0
      },
      {
        "id": "5bd87734-fe63-47d9-ab2d-af71d9379647",
        "name": "Signal ID",
        "position": 1
      },
      {
        "id": "c7eeb999-c68d-4f10-9483-76835ec42cec",
        "name": "Signal Mode",
        "description": "Test, Alert, Clear, Comment",
        "position": 2
      },
      {
        "id": "24036e12-d92c-46f5-8b06-6b382907828b",
        "name": "Internal ID",
        "position": 3
      },
      {
        "id": "569d17b6-4ba2-4463-9205-1ff580735115",
        "name": "Alert Type",
        "description": "alert, eventAlert, batchJobAlert, hostClusterAlert, websiteAlert, agentDownAlert, agentFailoverAlert, agentFailBackAlert, alertThrottledAlert",
        "position": 4
      },
      {
        "id": "f4fe35ef-1295-46fa-a81b-ae07f2659be3",
        "name": "External Ticket ID",
        "position": 5
      },
      {
        "id": "e9d0a9bd-1aad-482f-9c23-6ffc37e711ac",
        "name": "Message",
        "position": 6
      },
      {
        "id": "be3ed376-abc1-482c-a7d9-d1d7143d5981",
        "name": "Admin",
        "position": 7
      },
      {
        "id": "4aaced9c-8e7b-4b05-b0ea-57c2684fd8d7",
        "name": "Alert Status",
        "position": 8
      },
      {
        "id": "4604c387-7d63-4379-b379-fdc21dcca916",
        "name": "Alert Detail URL",
        "position": 9
      },
      {
        "id": "ce0ee441-590d-447f-aa29-cdecf8be8163",
        "name": "Alert ID",
        "position": 10
      },
      {
        "id": "f15cef8d-ba83-4c80-9797-6c5db6875585",
        "name": "Start",
        "position": 11
      },
      {
        "id": "84a28b7c-dce9-49c7-9f09-bf7ac1d0296f",
        "name": "Level",
        "position": 12
      },
      {
        "id": "e48e8a11-da17-4265-b5d6-b03102ba576c",
        "name": "Agent ID",
        "position": 13
      },
      {
        "id": "199eac70-3e3e-45d7-b4fe-9319a46f36bb",
        "name": "Agent Description",
        "position": 14
      },
      {
        "id": "471fdd2c-ba01-45a2-a401-62ceb4a7c485",
        "name": "Data Source",
        "position": 15
      },
      {
        "id": "5d0f1a58-654a-41d5-9531-982eefdbdcaf",
        "name": "Date",
        "position": 16
      },
      {
        "id": "eb9023f8-f5ac-4e35-be18-3bbd657880d5",
        "name": "End",
        "position": 17
      },
      {
        "id": "0ca6830a-4c58-4e1b-832f-2630d6cf75f3",
        "name": "Value",
        "position": 18
      },
      {
        "id": "0d6d86f9-5564-4a91-a49b-3633835e3351",
        "name": "Backup Agent ID",
        "position": 19
      },
      {
        "id": "696fd9a0-275f-46ab-8c5d-c752837db6e4",
        "name": "Backup Agent Description",
        "position": 20
      },
      {
        "id": "f512af3e-5450-432c-b68d-4ece9389d3ce",
        "name": "Device URL",
        "position": 21
      },
      {
        "id": "f0230ee3-740a-4548-9f40-7d7628cbdcd9",
        "name": "Duration",
        "position": 22
      },
      {
        "id": "89c9338b-52bf-4ed9-a1db-25e9725137ac",
        "name": "Group",
        "position": 23
      },
      {
        "id": "9754bab1-1b55-4f1d-b8da-383bd34381ba",
        "name": "Host",
        "position": 24
      },
      {
        "id": "c720a18f-8931-4821-a35a-67fe31720dad",
        "name": "Host Name",
        "position": 25
      },
      {
        "id": "5abed1ce-1c73-40ff-a4d1-3ab210b17726",
        "name": "Host Description",
        "position": 26
      },
      {
        "id": "d6c54ff6-9ffa-4915-abd9-56e6774d235a",
        "name": "Start Epoch",
        "position": 27
      },
      {
        "id": "9574f338-12f3-4716-802a-ca1ac645b666",
        "name": "Alert Dependency Role",
        "position": 28
      },
      {
        "id": "188a45d7-6795-40b5-b0ac-ca28836c0ba0",
        "name": "Data Point",
        "position": 29
      },
      {
        "id": "a21c6eb0-3616-43b4-b8e0-d36f2e5555ed",
        "name": "Dependency Message",
        "position": 30
      },
      {
        "id": "bfc36512-06e1-4f54-9704-3a3406a0a7df",
        "name": "Dependent Alert Count",
        "position": 31
      },
      {
        "id": "ff19273c-4223-4730-bb2c-95047a8b6c00",
        "name": "Direct Cause",
        "position": 32
      },
      {
        "id": "16ef4b22-2f8c-490f-a222-56de59270272",
        "name": "DS Name",
        "position": 33
      },
      {
        "id": "9e011f12-f9d8-486c-aab1-9679f0cc3061",
        "name": "DS Description",
        "position": 34
      },
      {
        "id": "76899d78-be29-49a2-9644-6d4844f897be",
        "name": "Instance Group",
        "position": 35
      },
      {
        "id": "8a490b20-53e9-4686-b965-64612e9ab3ac",
        "name": "Originating Cause",
        "position": 36
      },
      {
        "id": "92a9b9e2-afd8-452b-96a5-dc364d937df1",
        "name": "Routing State",
        "position": 37
      },
      {
        "id": "414e4afa-f15b-4cec-b0ce-c8ef78cdc6e8",
        "name": "Auto Fallback Enabled",
        "position": 38
      },
      {
        "id": "9c4ce768-7289-4ba0-8ae3-4b13d522bae5",
        "name": "BJ Description",
        "position": 39
      },
      {
        "id": "babe6026-1144-477d-aee1-4b3ab0206067",
        "name": "Checkpoint",
        "position": 40
      },
      {
        "id": "48e23125-0b59-4ed5-8213-548f8cb5a1c1",
        "name": "Command Line",
        "position": 41
      },
      {
        "id": "486e56da-8bd4-4c52-b1f2-ff220753f048",
        "name": "Collector Group",
        "position": 42
      },
      {
        "id": "1a407f10-c1cf-4ecd-9cee-771b18f0cc60",
        "name": "Detail",
        "position": 43
      },
      {
        "id": "fb1a5065-6efd-441b-be4a-0b36c3021522",
        "name": "DP Description",
        "position": 44
      },
      {
        "id": "42f7e9b5-9b36-49b2-823a-6feeb417518c",
        "name": "DT Alert Description",
        "position": 45
      },
      {
        "id": "e28bfc8d-40f7-4f84-9a5c-6c2124ef051f",
        "name": "Enterprise OID",
        "position": 46
      },
      {
        "id": "1eb8ea1d-b6af-42f4-9d40-4fbb83f026a4",
        "name": "Event Code",
        "position": 47
      },
      {
        "id": "48808e2a-23f1-49b8-895e-b50f1c657a37",
        "name": "Event Source",
        "position": 48
      },
      {
        "id": "24f6737a-a439-419e-ac47-3f6eb5ff7dac",
        "name": "Exit Code",
        "position": 49
      },
      {
        "id": "dc8fb6b1-17c5-481d-bfdc-fb568c115b79",
        "name": "Finish",
        "position": 50
      },
      {
        "id": "0cfbdc5f-e8c7-4b0a-9eac-70dbf7fe79ad",
        "name": "General Code",
        "position": 51
      },
      {
        "id": "fc782137-2cc6-47fe-b840-423dc4e378b7",
        "name": "Instance",
        "position": 52
      },
      {
        "id": "04fe34b4-1258-43f7-98c7-7f9cd8ca391b",
        "name": "Limited Message",
        "position": 53
      },
      {
        "id": "8d33fae1-f69b-438d-b070-0867f4f55e45",
        "name": "Log File",
        "position": 54
      },
      {
        "id": "b46504a5-541b-4a82-891e-9e92fda0ee88",
        "name": "Source Name",
        "position": 55
      },
      {
        "id": "51423961-6a72-41a2-9386-fcb22d533112",
        "name": "Specific Code",
        "position": 56
      },
      {
        "id": "d2ceb2e3-ccf6-4656-a956-5d9a0a9ab6ee",
        "name": "stderr",
        "position": 57
      },
      {
        "id": "6a1d5571-a4b9-4c59-8e26-666e101b84ef",
        "name": "stdout",
        "position": 58
      },
      {
        "id": "4469c026-0afc-41cd-ada2-57589ff290cf",
        "name": "System Uptime",
        "position": 59
      },
      {
        "id": "227a1f36-5bd5-4040-9a14-e1f26ee4a8ef",
        "name": "Threshold",
        "position": 60
      },
      {
        "id": "7a9aabf0-779a-4e1b-924e-099d0d44222c",
        "name": "Timestamp",
        "position": 61
      },
      {
        "id": "472c5937-8efa-40d6-86bb-76f7b45d6d9f",
        "name": "Trap OID",
        "position": 62
      },
      {
        "id": "dbe44aed-d911-46b6-a31d-acd2ad80d355",
        "name": "Type",
        "position": 63
      },
      {
        "id": "93106743-6cba-42f4-8791-1e6613ccf9fa",
        "name": "URL",
        "position": 64
      },
      {
        "id": "835cf731-9321-4d83-b054-ca8c84d604f4",
        "name": "User",
        "position": 65
      },
      {
        "id": "5d7a033e-730d-4e2a-87ec-46e2f1a2887d",
        "name": "User Data",
        "position": 66
      },
      {
        "id": "8c965c01-dab2-4365-9d33-3e25a952a296",
        "name": "Website",
        "position": 67
      },
      {
        "id": "ba86f2f0-a0fb-437a-a7f2-9aa0df671ac8",
        "name": "Website Description",
        "position": 68
      },
      {
        "id": "2847ac32-d811-4b2a-bafe-23287aebbd70",
        "name": "Website Group",
        "position": 69
      },
      {
        "id": "bd3b440f-bcff-4b5d-9d3e-d73a3830b8bc",
        "name": "Website Request",
        "position": 70
      },
      {
        "id": "173ea54d-bb40-4cb1-a5dd-17df3b564fc8",
        "name": "Website Response",
        "position": 71
      },
      {
        "id": "749a191c-151e-486e-ac0b-a78d21f3fc9e",
        "name": "Wild Value",
        "position": 72
      },
      {
        "id": "d99907fd-a8df-4f77-9e23-2b9a300d4768",
        "name": "Facility",
        "position": 73
      }
    ],
    "libraries": []
  }
]